inventory_id,film_id,last_inventory_date
1,1,2001-01-01 00:00:00
2,1,2001-01-01 00:00:00
3,1,2001-01-01 00:00:00
4,1,2001-01-01 00:00:00
5,1,2001-01-01 00:00:00
6,1,2001-01-01 00:00:00
7,1,2001-01-01 00:00:00
8,1,2001-01-01 00:00:00
9,2,2001-01-01 00:00:00
10,2,2001-01-01 00:00:00
11,2,2001-01-01 00:00:00
12,3,2001-01-01 00:00:00
13,3,2001-01-01 00:00:00
14,3,2001-01-01 00:00:00
15,3,2001-01-01 00:00:00
16,4,2001-01-01 00:00:00
17,4,2001-01-01 00:00:00
18,4,2001-01-01 00:00:00
19,4,2001-01-01 00:00:00
20,4,2001-01-01 00:00:00
21,4,2001-01-01 00:00:00
22,4,2001-01-01 00:00:00
23,5,2001-01-01 00:00:00
24,5,2001-01-01 00:00:00
25,5,2001-01-01 00:00:00
26,6,2001-01-01 00:00:00
27,6,2001-01-01 00:00:00
28,6,2001-01-01 00:00:00
29,6,2001-01-01 00:00:00
30,6,2001-01-01 00:00:00
31,6,2001-01-01 00:00:00
32,7,2001-01-01 00:00:00
33,7,2001-01-01 00:00:00
34,7,2001-01-01 00:00:00
35,7,2001-01-01 00:00:00
36,7,2001-01-01 00:00:00
37,8,2001-01-01 00:00:00
38,8,2001-01-01 00:00:00
39,8,2001-01-01 00:00:00
40,8,2001-01-01 00:00:00
41,9,2001-01-01 00:00:00
42,9,2001-01-01 00:00:00
43,9,2001-01-01 00:00:00
44,9,2001-01-01 00:00:00
45,9,2001-01-01 00:00:00
46,10,2001-01-01 00:00:00
47,10,2001-01-01 00:00:00
48,10,2001-01-01 00:00:00
49,10,2001-01-01 00:00:00
50,10,2001-01-01 00:00:00
51,10,2001-01-01 00:00:00
52,10,2001-01-01 00:00:00
53,11,2001-01-01 00:00:00
54,11,2001-01-01 00:00:00
55,11,2001-01-01 00:00:00
56,11,2001-01-01 00:00:00
57,11,2001-01-01 00:00:00
58,11,2001-01-01 00:00:00
59,11,2001-01-01 00:00:00
60,12,2001-01-01 00:00:00
61,12,2001-01-01 00:00:00
62,12,2001-01-01 00:00:00
63,12,2001-01-01 00:00:00
64,12,2001-01-01 00:00:00
65,12,2001-01-01 00:00:00
66,12,2001-01-01 00:00:00
67,13,2001-01-01 00:00:00
68,13,2001-01-01 00:00:00
69,13,2001-01-01 00:00:00
70,13,2001-01-01 00:00:00
71,15,2001-01-01 00:00:00
72,15,2001-01-01 00:00:00
73,15,2001-01-01 00:00:00
74,15,2001-01-01 00:00:00
75,15,2001-01-01 00:00:00
76,15,2001-01-01 00:00:00
77,16,2001-01-01 00:00:00
78,16,2001-01-01 00:00:00
79,16,2001-01-01 00:00:00
80,16,2001-01-01 00:00:00
81,17,2001-01-01 00:00:00
82,17,2001-01-01 00:00:00
83,17,2001-01-01 00:00:00
84,17,2001-01-01 00:00:00
85,17,2001-01-01 00:00:00
86,17,2001-01-01 00:00:00
87,18,2001-01-01 00:00:00
88,18,2001-01-01 00:00:00
89,18,2001-01-01 00:00:00
90,18,2001-01-01 00:00:00
91,18,2001-01-01 00:00:00
92,18,2001-01-01 00:00:00
93,19,2001-01-01 00:00:00
94,19,2001-01-01 00:00:00
95,19,2001-01-01 00:00:00
96,19,2001-01-01 00:00:00
97,19,2001-01-01 00:00:00
98,19,2001-01-01 00:00:00
99,20,2001-01-01 00:00:00
100,20,2001-01-01 00:00:00
101,20,2001-01-01 00:00:00
102,21,2001-01-01 00:00:00
103,21,2001-01-01 00:00:00
104,21,2001-01-01 00:00:00
105,21,2001-01-01 00:00:00
106,21,2001-01-01 00:00:00
107,21,2001-01-01 00:00:00
108,22,2001-01-01 00:00:00
109,22,2001-01-01 00:00:00
110,22,2001-01-01 00:00:00
111,22,2001-01-01 00:00:00
112,22,2001-01-01 00:00:00
113,22,2001-01-01 00:00:00
114,22,2001-01-01 00:00:00
115,23,2001-01-01 00:00:00
116,23,2001-01-01 00:00:00
117,23,2001-01-01 00:00:00
118,23,2001-01-01 00:00:00
119,23,2001-01-01 00:00:00
120,24,2001-01-01 00:00:00
121,24,2001-01-01 00:00:00
122,24,2001-01-01 00:00:00
123,24,2001-01-01 00:00:00
124,25,2001-01-01 00:00:00
125,25,2001-01-01 00:00:00
126,25,2001-01-01 00:00:00
127,25,2001-01-01 00:00:00
128,25,2001-01-01 00:00:00
129,25,2001-01-01 00:00:00
130,26,2001-01-01 00:00:00
131,26,2001-01-01 00:00:00
132,26,2001-01-01 00:00:00
133,26,2001-01-01 00:00:00
134,26,2001-01-01 00:00:00
135,27,2001-01-01 00:00:00
136,27,2001-01-01 00:00:00
137,27,2001-01-01 00:00:00
138,27,2001-01-01 00:00:00
139,28,2001-01-01 00:00:00
140,28,2001-01-01 00:00:00
141,28,2001-01-01 00:00:00
142,29,2001-01-01 00:00:00
143,29,2001-01-01 00:00:00
144,30,2001-01-01 00:00:00
145,30,2001-01-01 00:00:00
146,31,2001-01-01 00:00:00
147,31,2001-01-01 00:00:00
148,31,2001-01-01 00:00:00
149,31,2001-01-01 00:00:00
150,31,2001-01-01 00:00:00
151,31,2001-01-01 00:00:00
152,31,2001-01-01 00:00:00
153,31,2001-01-01 00:00:00
154,32,2001-01-01 00:00:00
155,32,2001-01-01 00:00:00
156,34,2001-01-01 00:00:00
157,34,2001-01-01 00:00:00
158,34,2001-01-01 00:00:00
159,34,2001-01-01 00:00:00
160,35,2001-01-01 00:00:00
161,35,2001-01-01 00:00:00
162,35,2001-01-01 00:00:00
163,35,2001-01-01 00:00:00
164,35,2001-01-01 00:00:00
165,35,2001-01-01 00:00:00
166,35,2001-01-01 00:00:00
167,37,2001-01-01 00:00:00
168,37,2001-01-01 00:00:00
169,37,2001-01-01 00:00:00
170,37,2001-01-01 00:00:00
171,37,2001-01-01 00:00:00
172,37,2001-01-01 00:00:00
173,37,2001-01-01 00:00:00
174,39,2001-01-01 00:00:00
175,39,2001-01-01 00:00:00
176,39,2001-01-01 00:00:00
177,39,2001-01-01 00:00:00
178,39,2001-01-01 00:00:00
179,39,2001-01-01 00:00:00
180,39,2001-01-01 00:00:00
181,40,2001-01-01 00:00:00
182,40,2001-01-01 00:00:00
183,40,2001-01-01 00:00:00
184,40,2001-01-01 00:00:00
185,42,2001-01-01 00:00:00
186,42,2001-01-01 00:00:00
187,42,2001-01-01 00:00:00
188,42,2001-01-01 00:00:00
189,43,2001-01-01 00:00:00
190,43,2001-01-01 00:00:00
191,43,2001-01-01 00:00:00
192,43,2001-01-01 00:00:00
193,43,2001-01-01 00:00:00
194,43,2001-01-01 00:00:00
195,43,2001-01-01 00:00:00
196,44,2001-01-01 00:00:00
197,44,2001-01-01 00:00:00
198,44,2001-01-01 00:00:00
199,44,2001-01-01 00:00:00
200,44,2001-01-01 00:00:00
201,45,2001-01-01 00:00:00
202,45,2001-01-01 00:00:00
203,45,2001-01-01 00:00:00
204,45,2001-01-01 00:00:00
205,45,2001-01-01 00:00:00
206,45,2001-01-01 00:00:00
207,46,2001-01-01 00:00:00
208,46,2001-01-01 00:00:00
209,46,2001-01-01 00:00:00
210,47,2001-01-01 00:00:00
211,47,2001-01-01 00:00:00
212,48,2001-01-01 00:00:00
213,48,2001-01-01 00:00:00
214,48,2001-01-01 00:00:00
215,48,2001-01-01 00:00:00
216,49,2001-01-01 00:00:00
217,49,2001-01-01 00:00:00
218,49,2001-01-01 00:00:00
219,49,2001-01-01 00:00:00
220,49,2001-01-01 00:00:00
221,49,2001-01-01 00:00:00
222,50,2001-01-01 00:00:00
223,50,2001-01-01 00:00:00
224,50,2001-01-01 00:00:00
225,50,2001-01-01 00:00:00
226,50,2001-01-01 00:00:00
227,51,2001-01-01 00:00:00
228,51,2001-01-01 00:00:00
229,51,2001-01-01 00:00:00
230,51,2001-01-01 00:00:00
231,51,2001-01-01 00:00:00
232,51,2001-01-01 00:00:00
233,52,2001-01-01 00:00:00
234,52,2001-01-01 00:00:00
235,53,2001-01-01 00:00:00
236,53,2001-01-01 00:00:00
237,54,2001-01-01 00:00:00
238,54,2001-01-01 00:00:00
239,54,2001-01-01 00:00:00
240,54,2001-01-01 00:00:00
241,54,2001-01-01 00:00:00
242,55,2001-01-01 00:00:00
243,55,2001-01-01 00:00:00
244,55,2001-01-01 00:00:00
245,55,2001-01-01 00:00:00
246,55,2001-01-01 00:00:00
247,55,2001-01-01 00:00:00
248,56,2001-01-01 00:00:00
249,56,2001-01-01 00:00:00
250,56,2001-01-01 00:00:00
251,56,2001-01-01 00:00:00
252,56,2001-01-01 00:00:00
253,57,2001-01-01 00:00:00
254,57,2001-01-01 00:00:00
255,57,2001-01-01 00:00:00
256,57,2001-01-01 00:00:00
257,57,2001-01-01 00:00:00
258,57,2001-01-01 00:00:00
259,57,2001-01-01 00:00:00
260,58,2001-01-01 00:00:00
261,58,2001-01-01 00:00:00
262,58,2001-01-01 00:00:00
263,58,2001-01-01 00:00:00
264,59,2001-01-01 00:00:00
265,59,2001-01-01 00:00:00
266,59,2001-01-01 00:00:00
267,59,2001-01-01 00:00:00
268,59,2001-01-01 00:00:00
269,60,2001-01-01 00:00:00
270,60,2001-01-01 00:00:00
271,60,2001-01-01 00:00:00
272,61,2001-01-01 00:00:00
273,61,2001-01-01 00:00:00
274,61,2001-01-01 00:00:00
275,61,2001-01-01 00:00:00
276,61,2001-01-01 00:00:00
277,61,2001-01-01 00:00:00
278,62,2001-01-01 00:00:00
279,62,2001-01-01 00:00:00
280,63,2001-01-01 00:00:00
281,63,2001-01-01 00:00:00
282,63,2001-01-01 00:00:00
283,63,2001-01-01 00:00:00
284,64,2001-01-01 00:00:00
285,64,2001-01-01 00:00:00
286,64,2001-01-01 00:00:00
287,65,2001-01-01 00:00:00
288,65,2001-01-01 00:00:00
289,65,2001-01-01 00:00:00
290,65,2001-01-01 00:00:00
291,66,2001-01-01 00:00:00
292,66,2001-01-01 00:00:00
293,66,2001-01-01 00:00:00
294,67,2001-01-01 00:00:00
295,67,2001-01-01 00:00:00
296,67,2001-01-01 00:00:00
297,67,2001-01-01 00:00:00
298,67,2001-01-01 00:00:00
299,67,2001-01-01 00:00:00
300,68,2001-01-01 00:00:00
301,68,2001-01-01 00:00:00
302,68,2001-01-01 00:00:00
303,68,2001-01-01 00:00:00
304,69,2001-01-01 00:00:00
305,69,2001-01-01 00:00:00
306,69,2001-01-01 00:00:00
307,69,2001-01-01 00:00:00
308,69,2001-01-01 00:00:00
309,69,2001-01-01 00:00:00
310,69,2001-01-01 00:00:00
311,69,2001-01-01 00:00:00
312,70,2001-01-01 00:00:00
313,70,2001-01-01 00:00:00
314,70,2001-01-01 00:00:00
315,70,2001-01-01 00:00:00
316,71,2001-01-01 00:00:00
317,71,2001-01-01 00:00:00
318,71,2001-01-01 00:00:00
319,71,2001-01-01 00:00:00
320,72,2001-01-01 00:00:00
321,72,2001-01-01 00:00:00
322,72,2001-01-01 00:00:00
323,72,2001-01-01 00:00:00
324,72,2001-01-01 00:00:00
325,72,2001-01-01 00:00:00
326,73,2001-01-01 00:00:00
327,73,2001-01-01 00:00:00
328,73,2001-01-01 00:00:00
329,73,2001-01-01 00:00:00
330,73,2001-01-01 00:00:00
331,73,2001-01-01 00:00:00
332,73,2001-01-01 00:00:00
333,73,2001-01-01 00:00:00
334,74,2001-01-01 00:00:00
335,74,2001-01-01 00:00:00
336,74,2001-01-01 00:00:00
337,74,2001-01-01 00:00:00
338,74,2001-01-01 00:00:00
339,75,2001-01-01 00:00:00
340,75,2001-01-01 00:00:00
341,75,2001-01-01 00:00:00
342,76,2001-01-01 00:00:00
343,76,2001-01-01 00:00:00
344,76,2001-01-01 00:00:00
345,77,2001-01-01 00:00:00
346,77,2001-01-01 00:00:00
347,77,2001-01-01 00:00:00
348,77,2001-01-01 00:00:00
349,77,2001-01-01 00:00:00
350,77,2001-01-01 00:00:00
351,78,2001-01-01 00:00:00
352,78,2001-01-01 00:00:00
353,78,2001-01-01 00:00:00
354,78,2001-01-01 00:00:00
355,78,2001-01-01 00:00:00
356,78,2001-01-01 00:00:00
357,78,2001-01-01 00:00:00
358,79,2001-01-01 00:00:00
359,79,2001-01-01 00:00:00
360,79,2001-01-01 00:00:00
361,79,2001-01-01 00:00:00
362,79,2001-01-01 00:00:00
363,79,2001-01-01 00:00:00
364,80,2001-01-01 00:00:00
365,80,2001-01-01 00:00:00
366,80,2001-01-01 00:00:00
367,80,2001-01-01 00:00:00
368,81,2001-01-01 00:00:00
369,81,2001-01-01 00:00:00
370,81,2001-01-01 00:00:00
371,81,2001-01-01 00:00:00
372,82,2001-01-01 00:00:00
373,82,2001-01-01 00:00:00
374,83,2001-01-01 00:00:00
375,83,2001-01-01 00:00:00
376,83,2001-01-01 00:00:00
377,83,2001-01-01 00:00:00
378,83,2001-01-01 00:00:00
379,84,2001-01-01 00:00:00
380,84,2001-01-01 00:00:00
381,84,2001-01-01 00:00:00
382,84,2001-01-01 00:00:00
383,85,2001-01-01 00:00:00
384,85,2001-01-01 00:00:00
385,85,2001-01-01 00:00:00
386,85,2001-01-01 00:00:00
387,86,2001-01-01 00:00:00
388,86,2001-01-01 00:00:00
389,86,2001-01-01 00:00:00
390,86,2001-01-01 00:00:00
391,86,2001-01-01 00:00:00
392,86,2001-01-01 00:00:00
393,86,2001-01-01 00:00:00
394,86,2001-01-01 00:00:00
395,88,2001-01-01 00:00:00
396,88,2001-01-01 00:00:00
397,88,2001-01-01 00:00:00
398,88,2001-01-01 00:00:00
399,89,2001-01-01 00:00:00
400,89,2001-01-01 00:00:00
401,89,2001-01-01 00:00:00
402,89,2001-01-01 00:00:00
403,89,2001-01-01 00:00:00
404,89,2001-01-01 00:00:00
405,90,2001-01-01 00:00:00
406,90,2001-01-01 00:00:00
407,90,2001-01-01 00:00:00
408,90,2001-01-01 00:00:00
409,90,2001-01-01 00:00:00
410,90,2001-01-01 00:00:00
411,91,2001-01-01 00:00:00
412,91,2001-01-01 00:00:00
413,91,2001-01-01 00:00:00
414,91,2001-01-01 00:00:00
415,91,2001-01-01 00:00:00
416,91,2001-01-01 00:00:00
417,91,2001-01-01 00:00:00
418,91,2001-01-01 00:00:00
419,92,2001-01-01 00:00:00
420,92,2001-01-01 00:00:00
421,92,2001-01-01 00:00:00
422,92,2001-01-01 00:00:00
423,93,2001-01-01 00:00:00
424,93,2001-01-01 00:00:00
425,93,2001-01-01 00:00:00
426,94,2001-01-01 00:00:00
427,94,2001-01-01 00:00:00
428,95,2001-01-01 00:00:00
429,95,2001-01-01 00:00:00
430,95,2001-01-01 00:00:00
431,95,2001-01-01 00:00:00
432,95,2001-01-01 00:00:00
433,96,2001-01-01 00:00:00
434,96,2001-01-01 00:00:00
435,96,2001-01-01 00:00:00
436,97,2001-01-01 00:00:00
437,97,2001-01-01 00:00:00
438,97,2001-01-01 00:00:00
439,97,2001-01-01 00:00:00
440,97,2001-01-01 00:00:00
441,97,2001-01-01 00:00:00
442,98,2001-01-01 00:00:00
443,98,2001-01-01 00:00:00
444,98,2001-01-01 00:00:00
445,99,2001-01-01 00:00:00
446,99,2001-01-01 00:00:00
447,99,2001-01-01 00:00:00
448,99,2001-01-01 00:00:00
449,99,2001-01-01 00:00:00
450,99,2001-01-01 00:00:00
451,100,2001-01-01 00:00:00
452,100,2001-01-01 00:00:00
453,100,2001-01-01 00:00:00
454,100,2001-01-01 00:00:00
455,100,2001-01-01 00:00:00
456,100,2001-01-01 00:00:00
457,101,2001-01-01 00:00:00
458,101,2001-01-01 00:00:00
459,101,2001-01-01 00:00:00
460,101,2001-01-01 00:00:00
461,101,2001-01-01 00:00:00
462,101,2001-01-01 00:00:00
463,102,2001-01-01 00:00:00
464,102,2001-01-01 00:00:00
465,103,2001-01-01 00:00:00
466,103,2001-01-01 00:00:00
467,103,2001-01-01 00:00:00
468,103,2001-01-01 00:00:00
469,103,2001-01-01 00:00:00
470,103,2001-01-01 00:00:00
471,103,2001-01-01 00:00:00
472,103,2001-01-01 00:00:00
473,104,2001-01-01 00:00:00
474,104,2001-01-01 00:00:00
475,104,2001-01-01 00:00:00
476,105,2001-01-01 00:00:00
477,105,2001-01-01 00:00:00
478,105,2001-01-01 00:00:00
479,105,2001-01-01 00:00:00
480,105,2001-01-01 00:00:00
481,106,2001-01-01 00:00:00
482,106,2001-01-01 00:00:00
483,107,2001-01-01 00:00:00
484,107,2001-01-01 00:00:00
485,109,2001-01-01 00:00:00
486,109,2001-01-01 00:00:00
487,109,2001-01-01 00:00:00
488,109,2001-01-01 00:00:00
489,109,2001-01-01 00:00:00
490,109,2001-01-01 00:00:00
491,109,2001-01-01 00:00:00
492,109,2001-01-01 00:00:00
493,110,2001-01-01 00:00:00
494,110,2001-01-01 00:00:00
495,110,2001-01-01 00:00:00
496,110,2001-01-01 00:00:00
497,111,2001-01-01 00:00:00
498,111,2001-01-01 00:00:00
499,111,2001-01-01 00:00:00
500,111,2001-01-01 00:00:00
501,112,2001-01-01 00:00:00
502,112,2001-01-01 00:00:00
503,112,2001-01-01 00:00:00
504,112,2001-01-01 00:00:00
505,112,2001-01-01 00:00:00
506,112,2001-01-01 00:00:00
507,112,2001-01-01 00:00:00
508,113,2001-01-01 00:00:00
509,113,2001-01-01 00:00:00
510,113,2001-01-01 00:00:00
511,113,2001-01-01 00:00:00
512,114,2001-01-01 00:00:00
513,114,2001-01-01 00:00:00
514,114,2001-01-01 00:00:00
515,114,2001-01-01 00:00:00
516,114,2001-01-01 00:00:00
517,114,2001-01-01 00:00:00
518,114,2001-01-01 00:00:00
519,115,2001-01-01 00:00:00
520,115,2001-01-01 00:00:00
521,115,2001-01-01 00:00:00
522,115,2001-01-01 00:00:00
523,115,2001-01-01 00:00:00
524,115,2001-01-01 00:00:00
525,115,2001-01-01 00:00:00
526,116,2001-01-01 00:00:00
527,116,2001-01-01 00:00:00
528,116,2001-01-01 00:00:00
529,116,2001-01-01 00:00:00
530,116,2001-01-01 00:00:00
531,116,2001-01-01 00:00:00
532,117,2001-01-01 00:00:00
533,117,2001-01-01 00:00:00
534,117,2001-01-01 00:00:00
535,117,2001-01-01 00:00:00
536,117,2001-01-01 00:00:00
537,117,2001-01-01 00:00:00
538,118,2001-01-01 00:00:00
539,118,2001-01-01 00:00:00
540,118,2001-01-01 00:00:00
541,118,2001-01-01 00:00:00
542,118,2001-01-01 00:00:00
543,118,2001-01-01 00:00:00
544,119,2001-01-01 00:00:00
545,119,2001-01-01 00:00:00
546,119,2001-01-01 00:00:00
547,119,2001-01-01 00:00:00
548,119,2001-01-01 00:00:00
549,119,2001-01-01 00:00:00
550,119,2001-01-01 00:00:00
551,120,2001-01-01 00:00:00
552,120,2001-01-01 00:00:00
553,120,2001-01-01 00:00:00
554,121,2001-01-01 00:00:00
555,121,2001-01-01 00:00:00
556,121,2001-01-01 00:00:00
557,121,2001-01-01 00:00:00
558,121,2001-01-01 00:00:00
559,121,2001-01-01 00:00:00
560,122,2001-01-01 00:00:00
561,122,2001-01-01 00:00:00
562,122,2001-01-01 00:00:00
563,122,2001-01-01 00:00:00
564,122,2001-01-01 00:00:00
565,122,2001-01-01 00:00:00
566,122,2001-01-01 00:00:00
567,123,2001-01-01 00:00:00
568,123,2001-01-01 00:00:00
569,123,2001-01-01 00:00:00
570,123,2001-01-01 00:00:00
571,123,2001-01-01 00:00:00
572,124,2001-01-01 00:00:00
573,124,2001-01-01 00:00:00
574,124,2001-01-01 00:00:00
575,125,2001-01-01 00:00:00
576,125,2001-01-01 00:00:00
577,126,2001-01-01 00:00:00
578,126,2001-01-01 00:00:00
579,126,2001-01-01 00:00:00
580,127,2001-01-01 00:00:00
581,127,2001-01-01 00:00:00
582,127,2001-01-01 00:00:00
583,127,2001-01-01 00:00:00
584,127,2001-01-01 00:00:00
585,127,2001-01-01 00:00:00
586,127,2001-01-01 00:00:00
587,127,2001-01-01 00:00:00
588,129,2001-01-01 00:00:00
589,129,2001-01-01 00:00:00
590,129,2001-01-01 00:00:00
591,129,2001-01-01 00:00:00
592,129,2001-01-01 00:00:00
593,129,2001-01-01 00:00:00
594,130,2001-01-01 00:00:00
595,130,2001-01-01 00:00:00
596,130,2001-01-01 00:00:00
597,130,2001-01-01 00:00:00
598,130,2001-01-01 00:00:00
599,130,2001-01-01 00:00:00
600,131,2001-01-01 00:00:00
601,131,2001-01-01 00:00:00
602,131,2001-01-01 00:00:00
603,131,2001-01-01 00:00:00
604,131,2001-01-01 00:00:00
605,131,2001-01-01 00:00:00
606,132,2001-01-01 00:00:00
607,132,2001-01-01 00:00:00
608,132,2001-01-01 00:00:00
609,132,2001-01-01 00:00:00
610,132,2001-01-01 00:00:00
611,132,2001-01-01 00:00:00
612,133,2001-01-01 00:00:00
613,133,2001-01-01 00:00:00
614,133,2001-01-01 00:00:00
615,133,2001-01-01 00:00:00
616,134,2001-01-01 00:00:00
617,134,2001-01-01 00:00:00
618,134,2001-01-01 00:00:00
619,135,2001-01-01 00:00:00
620,135,2001-01-01 00:00:00
621,135,2001-01-01 00:00:00
622,135,2001-01-01 00:00:00
623,135,2001-01-01 00:00:00
624,135,2001-01-01 00:00:00
625,135,2001-01-01 00:00:00
626,136,2001-01-01 00:00:00
627,136,2001-01-01 00:00:00
628,136,2001-01-01 00:00:00
629,137,2001-01-01 00:00:00
630,137,2001-01-01 00:00:00
631,137,2001-01-01 00:00:00
632,137,2001-01-01 00:00:00
633,138,2001-01-01 00:00:00
634,138,2001-01-01 00:00:00
635,138,2001-01-01 00:00:00
636,138,2001-01-01 00:00:00
637,138,2001-01-01 00:00:00
638,139,2001-01-01 00:00:00
639,139,2001-01-01 00:00:00
640,139,2001-01-01 00:00:00
641,139,2001-01-01 00:00:00
642,139,2001-01-01 00:00:00
643,139,2001-01-01 00:00:00
644,140,2001-01-01 00:00:00
645,140,2001-01-01 00:00:00
646,140,2001-01-01 00:00:00
647,140,2001-01-01 00:00:00
648,140,2001-01-01 00:00:00
649,141,2001-01-01 00:00:00
650,141,2001-01-01 00:00:00
651,141,2001-01-01 00:00:00
652,141,2001-01-01 00:00:00
653,141,2001-01-01 00:00:00
654,142,2001-01-01 00:00:00
655,142,2001-01-01 00:00:00
656,142,2001-01-01 00:00:00
657,142,2001-01-01 00:00:00
658,142,2001-01-01 00:00:00
659,143,2001-01-01 00:00:00
660,143,2001-01-01 00:00:00
661,143,2001-01-01 00:00:00
662,143,2001-01-01 00:00:00
663,143,2001-01-01 00:00:00
664,143,2001-01-01 00:00:00
665,143,2001-01-01 00:00:00
666,145,2001-01-01 00:00:00
667,145,2001-01-01 00:00:00
668,145,2001-01-01 00:00:00
669,146,2001-01-01 00:00:00
670,146,2001-01-01 00:00:00
671,146,2001-01-01 00:00:00
672,147,2001-01-01 00:00:00
673,147,2001-01-01 00:00:00
674,147,2001-01-01 00:00:00
675,147,2001-01-01 00:00:00
676,147,2001-01-01 00:00:00
677,147,2001-01-01 00:00:00
678,149,2001-01-01 00:00:00
679,149,2001-01-01 00:00:00
680,149,2001-01-01 00:00:00
681,149,2001-01-01 00:00:00
682,149,2001-01-01 00:00:00
683,149,2001-01-01 00:00:00
684,150,2001-01-01 00:00:00
685,150,2001-01-01 00:00:00
686,150,2001-01-01 00:00:00
687,150,2001-01-01 00:00:00
688,150,2001-01-01 00:00:00
689,150,2001-01-01 00:00:00
690,151,2001-01-01 00:00:00
691,151,2001-01-01 00:00:00
692,151,2001-01-01 00:00:00
693,151,2001-01-01 00:00:00
694,152,2001-01-01 00:00:00
695,152,2001-01-01 00:00:00
696,152,2001-01-01 00:00:00
697,152,2001-01-01 00:00:00
698,153,2001-01-01 00:00:00
699,153,2001-01-01 00:00:00
700,153,2001-01-01 00:00:00
701,153,2001-01-01 00:00:00
702,154,2001-01-01 00:00:00
703,154,2001-01-01 00:00:00
704,154,2001-01-01 00:00:00
705,154,2001-01-01 00:00:00
706,154,2001-01-01 00:00:00
707,154,2001-01-01 00:00:00
708,154,2001-01-01 00:00:00
709,155,2001-01-01 00:00:00
710,155,2001-01-01 00:00:00
711,155,2001-01-01 00:00:00
712,155,2001-01-01 00:00:00
713,155,2001-01-01 00:00:00
714,156,2001-01-01 00:00:00
715,156,2001-01-01 00:00:00
716,157,2001-01-01 00:00:00
717,157,2001-01-01 00:00:00
718,157,2001-01-01 00:00:00
719,158,2001-01-01 00:00:00
720,158,2001-01-01 00:00:00
721,158,2001-01-01 00:00:00
722,158,2001-01-01 00:00:00
723,158,2001-01-01 00:00:00
724,159,2001-01-01 00:00:00
725,159,2001-01-01 00:00:00
726,159,2001-01-01 00:00:00
727,159,2001-01-01 00:00:00
728,159,2001-01-01 00:00:00
729,159,2001-01-01 00:00:00
730,159,2001-01-01 00:00:00
731,160,2001-01-01 00:00:00
732,160,2001-01-01 00:00:00
733,160,2001-01-01 00:00:00
734,160,2001-01-01 00:00:00
735,160,2001-01-01 00:00:00
736,161,2001-01-01 00:00:00
737,161,2001-01-01 00:00:00
738,162,2001-01-01 00:00:00
739,162,2001-01-01 00:00:00
740,162,2001-01-01 00:00:00
741,162,2001-01-01 00:00:00
742,162,2001-01-01 00:00:00
743,162,2001-01-01 00:00:00
744,162,2001-01-01 00:00:00
745,163,2001-01-01 00:00:00
746,163,2001-01-01 00:00:00
747,163,2001-01-01 00:00:00
748,164,2001-01-01 00:00:00
749,164,2001-01-01 00:00:00
750,164,2001-01-01 00:00:00
751,164,2001-01-01 00:00:00
752,164,2001-01-01 00:00:00
753,165,2001-01-01 00:00:00
754,165,2001-01-01 00:00:00
755,165,2001-01-01 00:00:00
756,165,2001-01-01 00:00:00
757,165,2001-01-01 00:00:00
758,166,2001-01-01 00:00:00
759,166,2001-01-01 00:00:00
760,166,2001-01-01 00:00:00
761,166,2001-01-01 00:00:00
762,166,2001-01-01 00:00:00
763,166,2001-01-01 00:00:00
764,167,2001-01-01 00:00:00
765,167,2001-01-01 00:00:00
766,167,2001-01-01 00:00:00
767,167,2001-01-01 00:00:00
768,167,2001-01-01 00:00:00
769,167,2001-01-01 00:00:00
770,167,2001-01-01 00:00:00
771,168,2001-01-01 00:00:00
772,168,2001-01-01 00:00:00
773,169,2001-01-01 00:00:00
774,169,2001-01-01 00:00:00
775,169,2001-01-01 00:00:00
776,169,2001-01-01 00:00:00
777,170,2001-01-01 00:00:00
778,170,2001-01-01 00:00:00
779,170,2001-01-01 00:00:00
780,170,2001-01-01 00:00:00
781,170,2001-01-01 00:00:00
782,170,2001-01-01 00:00:00
783,172,2001-01-01 00:00:00
784,172,2001-01-01 00:00:00
785,172,2001-01-01 00:00:00
786,172,2001-01-01 00:00:00
787,172,2001-01-01 00:00:00
788,172,2001-01-01 00:00:00
789,172,2001-01-01 00:00:00
790,173,2001-01-01 00:00:00
791,173,2001-01-01 00:00:00
792,173,2001-01-01 00:00:00
793,173,2001-01-01 00:00:00
794,173,2001-01-01 00:00:00
795,174,2001-01-01 00:00:00
796,174,2001-01-01 00:00:00
797,174,2001-01-01 00:00:00
798,174,2001-01-01 00:00:00
799,174,2001-01-01 00:00:00
800,174,2001-01-01 00:00:00
801,174,2001-01-01 00:00:00
802,174,2001-01-01 00:00:00
803,175,2001-01-01 00:00:00
804,175,2001-01-01 00:00:00
805,175,2001-01-01 00:00:00
806,175,2001-01-01 00:00:00
807,175,2001-01-01 00:00:00
808,176,2001-01-01 00:00:00
809,176,2001-01-01 00:00:00
810,176,2001-01-01 00:00:00
811,176,2001-01-01 00:00:00
812,176,2001-01-01 00:00:00
813,176,2001-01-01 00:00:00
814,177,2001-01-01 00:00:00
815,177,2001-01-01 00:00:00
816,177,2001-01-01 00:00:00
817,178,2001-01-01 00:00:00
818,178,2001-01-01 00:00:00
819,179,2001-01-01 00:00:00
820,179,2001-01-01 00:00:00
821,179,2001-01-01 00:00:00
822,179,2001-01-01 00:00:00
823,180,2001-01-01 00:00:00
824,180,2001-01-01 00:00:00
825,181,2001-01-01 00:00:00
826,181,2001-01-01 00:00:00
827,181,2001-01-01 00:00:00
828,181,2001-01-01 00:00:00
829,181,2001-01-01 00:00:00
830,181,2001-01-01 00:00:00
831,181,2001-01-01 00:00:00
832,182,2001-01-01 00:00:00
833,182,2001-01-01 00:00:00
834,183,2001-01-01 00:00:00
835,183,2001-01-01 00:00:00
836,183,2001-01-01 00:00:00
837,183,2001-01-01 00:00:00
838,183,2001-01-01 00:00:00
839,183,2001-01-01 00:00:00
840,184,2001-01-01 00:00:00
841,184,2001-01-01 00:00:00
842,184,2001-01-01 00:00:00
843,184,2001-01-01 00:00:00
844,184,2001-01-01 00:00:00
845,185,2001-01-01 00:00:00
846,185,2001-01-01 00:00:00
847,186,2001-01-01 00:00:00
848,186,2001-01-01 00:00:00
849,186,2001-01-01 00:00:00
850,186,2001-01-01 00:00:00
851,187,2001-01-01 00:00:00
852,187,2001-01-01 00:00:00
853,187,2001-01-01 00:00:00
854,188,2001-01-01 00:00:00
855,188,2001-01-01 00:00:00
856,188,2001-01-01 00:00:00
857,189,2001-01-01 00:00:00
858,189,2001-01-01 00:00:00
859,189,2001-01-01 00:00:00
860,189,2001-01-01 00:00:00
861,189,2001-01-01 00:00:00
862,189,2001-01-01 00:00:00
863,190,2001-01-01 00:00:00
864,190,2001-01-01 00:00:00
865,190,2001-01-01 00:00:00
866,190,2001-01-01 00:00:00
867,191,2001-01-01 00:00:00
868,191,2001-01-01 00:00:00
869,191,2001-01-01 00:00:00
870,191,2001-01-01 00:00:00
871,191,2001-01-01 00:00:00
872,191,2001-01-01 00:00:00
873,193,2001-01-01 00:00:00
874,193,2001-01-01 00:00:00
875,193,2001-01-01 00:00:00
876,193,2001-01-01 00:00:00
877,193,2001-01-01 00:00:00
878,193,2001-01-01 00:00:00
879,193,2001-01-01 00:00:00
880,193,2001-01-01 00:00:00
881,194,2001-01-01 00:00:00
882,194,2001-01-01 00:00:00
883,194,2001-01-01 00:00:00
884,194,2001-01-01 00:00:00
885,196,2001-01-01 00:00:00
886,196,2001-01-01 00:00:00
887,197,2001-01-01 00:00:00
888,197,2001-01-01 00:00:00
889,199,2001-01-01 00:00:00
890,199,2001-01-01 00:00:00
891,199,2001-01-01 00:00:00
892,199,2001-01-01 00:00:00
893,199,2001-01-01 00:00:00
894,199,2001-01-01 00:00:00
895,199,2001-01-01 00:00:00
896,199,2001-01-01 00:00:00
897,200,2001-01-01 00:00:00
898,200,2001-01-01 00:00:00
899,200,2001-01-01 00:00:00
900,200,2001-01-01 00:00:00
901,200,2001-01-01 00:00:00
902,200,2001-01-01 00:00:00
903,200,2001-01-01 00:00:00
904,200,2001-01-01 00:00:00
905,201,2001-01-01 00:00:00
906,201,2001-01-01 00:00:00
907,201,2001-01-01 00:00:00
908,201,2001-01-01 00:00:00
909,202,2001-01-01 00:00:00
910,202,2001-01-01 00:00:00
911,202,2001-01-01 00:00:00
912,203,2001-01-01 00:00:00
913,203,2001-01-01 00:00:00
914,203,2001-01-01 00:00:00
915,203,2001-01-01 00:00:00
916,204,2001-01-01 00:00:00
917,204,2001-01-01 00:00:00
918,204,2001-01-01 00:00:00
919,204,2001-01-01 00:00:00
920,204,2001-01-01 00:00:00
921,204,2001-01-01 00:00:00
922,205,2001-01-01 00:00:00
923,205,2001-01-01 00:00:00
924,205,2001-01-01 00:00:00
925,205,2001-01-01 00:00:00
926,206,2001-01-01 00:00:00
927,206,2001-01-01 00:00:00
928,206,2001-01-01 00:00:00
929,206,2001-01-01 00:00:00
930,206,2001-01-01 00:00:00
931,206,2001-01-01 00:00:00
932,206,2001-01-01 00:00:00
933,206,2001-01-01 00:00:00
934,207,2001-01-01 00:00:00
935,207,2001-01-01 00:00:00
936,207,2001-01-01 00:00:00
937,207,2001-01-01 00:00:00
938,208,2001-01-01 00:00:00
939,208,2001-01-01 00:00:00
940,208,2001-01-01 00:00:00
941,209,2001-01-01 00:00:00
942,209,2001-01-01 00:00:00
943,209,2001-01-01 00:00:00
944,209,2001-01-01 00:00:00
945,210,2001-01-01 00:00:00
946,210,2001-01-01 00:00:00
947,210,2001-01-01 00:00:00
948,211,2001-01-01 00:00:00
949,211,2001-01-01 00:00:00
950,212,2001-01-01 00:00:00
951,212,2001-01-01 00:00:00
952,212,2001-01-01 00:00:00
953,212,2001-01-01 00:00:00
954,212,2001-01-01 00:00:00
955,213,2001-01-01 00:00:00
956,213,2001-01-01 00:00:00
957,213,2001-01-01 00:00:00
958,213,2001-01-01 00:00:00
959,214,2001-01-01 00:00:00
960,214,2001-01-01 00:00:00
961,214,2001-01-01 00:00:00
962,214,2001-01-01 00:00:00
963,215,2001-01-01 00:00:00
964,215,2001-01-01 00:00:00
965,215,2001-01-01 00:00:00
966,215,2001-01-01 00:00:00
967,215,2001-01-01 00:00:00
968,215,2001-01-01 00:00:00
969,216,2001-01-01 00:00:00
970,216,2001-01-01 00:00:00
971,216,2001-01-01 00:00:00
972,216,2001-01-01 00:00:00
973,216,2001-01-01 00:00:00
974,218,2001-01-01 00:00:00
975,218,2001-01-01 00:00:00
976,218,2001-01-01 00:00:00
977,218,2001-01-01 00:00:00
978,218,2001-01-01 00:00:00
979,218,2001-01-01 00:00:00
980,218,2001-01-01 00:00:00
981,219,2001-01-01 00:00:00
982,219,2001-01-01 00:00:00
983,219,2001-01-01 00:00:00
984,219,2001-01-01 00:00:00
985,220,2001-01-01 00:00:00
986,220,2001-01-01 00:00:00
987,220,2001-01-01 00:00:00
988,220,2001-01-01 00:00:00
989,220,2001-01-01 00:00:00
990,220,2001-01-01 00:00:00
991,220,2001-01-01 00:00:00
992,220,2001-01-01 00:00:00
993,222,2001-01-01 00:00:00
994,222,2001-01-01 00:00:00
995,222,2001-01-01 00:00:00
996,222,2001-01-01 00:00:00
997,222,2001-01-01 00:00:00
998,222,2001-01-01 00:00:00
999,223,2001-01-01 00:00:00
1000,223,2001-01-01 00:00:00
